No,Class Name, Parent
1,Action,"Thing,"
2,AchieveAction,"Thing,Action,"
3,AssessAction,"Thing,Action,"
4,ChooseAction,"Thing,Action,AssessAction,"
5,ReactAction,"Thing,Action,AssessAction,"
6,ConsumeAction,"Thing,Action,"
7,UseAction,"Thing,Action,ConsumeAction,"
8,ControlAction,"Thing,Action,"
9,CreateAction,"Thing,Action,"
10,FindAction,"Thing,Action,"
11,InteractAction,"Thing,Action,"
12,CommunicateAction,"Thing,Action,InteractAction,"
13,InformAction,"Thing,Action,InteractAction,CommunicateAction,"
14,MoveAction,"Thing,Action,"
15,OrganizeAction,"Thing,Action,"
16,AllocateAction,"Thing,Action,OrganizeAction,"
17,PlanAction,"Thing,Action,OrganizeAction,"
18,PlayAction,"Thing,Action,"
19,TradeAction,"Thing,Action,"
20,TransferAction,"Thing,Action,"
21,UpdateAction,"Thing,Action,"
22,AddAction,"Thing,Action,UpdateAction,"
23,InsertAction,"Thing,Action,UpdateAction,AddAction,"
24,CreativeWork,"Thing,"
25,Article,"Thing,CreativeWork,"
26,NewsArticle,"Thing,CreativeWork,Article,"
27,ScholarlyArticle,"Thing,CreativeWork,Article,"
28,SocialMediaPosting,"Thing,CreativeWork,Article,"
29,BlogPosting,"Thing,CreativeWork,Article,SocialMediaPosting,"
30,TechArticle,"Thing,CreativeWork,Article,"
31,Book,"Thing,CreativeWork,"
32,Clip,"Thing,CreativeWork,"
33,Comment,"Thing,CreativeWork,"
34,CreativeWorkSeason,"Thing,CreativeWork,"
35,CreativeWorkSeries,"Thing,CreativeWork,"
36,Periodical,"Thing,CreativeWork,CreativeWorkSeries,"
37,Dataset,"Thing,CreativeWork,"
38,DataFeed,"Thing,CreativeWork,Dataset,"
39,DigitalDocument,"Thing,CreativeWork,"
40,Episode,"Thing,CreativeWork,"
41,Game,"Thing,CreativeWork,"
42,HowTo,"Thing,CreativeWork,"
43,MediaObject,"Thing,CreativeWork,"
44,AudioObject,"Thing,CreativeWork,MediaObject,"
45,ImageObject,"Thing,CreativeWork,MediaObject,"
46,Message,"Thing,CreativeWork,"
47,MusicPlaylist,"Thing,CreativeWork,"
48,PublicationIssue,"Thing,CreativeWork,"
49,Review,"Thing,CreativeWork,"
50,SoftwareApplication,"Thing,CreativeWork,"
51,VisualArtwork,"Thing,CreativeWork,"
52,WebPage,"Thing,CreativeWork,"
53,CollectionPage,"Thing,CreativeWork,WebPage,"
54,WebPageElement,"Thing,CreativeWork,"
55,Event,"Thing,"
56,PublicationEvent,"Thing,Event,"
57,Intangible,"Thing,"
58,Audience,"Thing,Intangible,"
59,PeopleAudience,"Thing,Intangible,Audience,"
60,BroadcastChannel,"Thing,Intangible,"
61,RadioChannel,"Thing,Intangible,BroadcastChannel,"
62,Enumeration,"Thing,Intangible,"
63,DeliveryMethod,"Thing,Intangible,Enumeration,"
64,PaymentMethod,"Thing,Intangible,Enumeration,"
65,PaymentCard,"Thing,Intangible,Enumeration,PaymentMethod,"
66,QualitativeValue,"Thing,Intangible,Enumeration,"
67,Specialty,"Thing,Intangible,Enumeration,"
68,ItemList,"Thing,Intangible,"
69,ListItem,"Thing,Intangible,"
70,HowToItem,"Thing,Intangible,ListItem,"
71,Offer,"Thing,Intangible,"
72,Permit,"Thing,Intangible,"
73,Quantity,"Thing,Intangible,"
74,Rating,"Thing,Intangible,"
75,AggregateRating,"Thing,Intangible,Rating,"
76,Reservation,"Thing,Intangible,"
77,Role,"Thing,Intangible,"
78,OrganizationRole,"Thing,Intangible,Role,"
79,Service,"Thing,Intangible,"
80,FinancialProduct,"Thing,Intangible,Service,"
81,BankAccount,"Thing,Intangible,Service,FinancialProduct,"
82,InvestmentOrDeposit,"Thing,Intangible,Service,FinancialProduct,"
83,LoanOrCredit,"Thing,Intangible,Service,FinancialProduct,"
84,PaymentCard,"Thing,Intangible,Service,FinancialProduct,"
85,StructuredValue,"Thing,Intangible,"
86,ContactPoint,"Thing,Intangible,StructuredValue,"
87,GeoShape,"Thing,Intangible,StructuredValue,"
88,PriceSpecification,"Thing,Intangible,StructuredValue,"
89,PropertyValue,"Thing,Intangible,StructuredValue,"
90,QuantitativeValue,"Thing,Intangible,StructuredValue,"
91,Organization,"Thing,"
92,EducationalOrganization,"Thing,Organization,"
93,LocalBusiness,"Thing,Organization,"
94,AutomotiveBusiness,"Thing,Organization,LocalBusiness,"
95,EmergencyService,"Thing,Organization,LocalBusiness,"
96,EntertainmentBusiness,"Thing,Organization,LocalBusiness,"
97,FinancialService,"Thing,Organization,LocalBusiness,"
98,FoodEstablishment,"Thing,Organization,LocalBusiness,"
99,GovernmentOffice,"Thing,Organization,LocalBusiness,"
100,HealthAndBeautyBusiness,"Thing,Organization,LocalBusiness,"
101,HomeAndConstructionBusiness,"Thing,Organization,LocalBusiness,"
102,LegalService,"Thing,Organization,LocalBusiness,"
103,LodgingBusiness,"Thing,Organization,LocalBusiness,"
104,SportsActivityLocation,"Thing,Organization,LocalBusiness,"
105,Store,"Thing,Organization,LocalBusiness,"
106,MedicalOrganization,"Thing,Organization,"
107,PerformingGroup,"Thing,Organization,"
108,SportsOrganization,"Thing,Organization,"
109,Person,"Thing,"
110,Place,"Thing,"
111,Accommodation,"Thing,Place,"
112,House,"Thing,Place,Accommodation,"
113,Room,"Thing,Place,Accommodation,"
114,AdministrativeArea,"Thing,Place,"
115,CivicStructure,"Thing,Place,"
116,GovernmentBuilding,"Thing,Place,CivicStructure,"
117,PlaceOfWorship,"Thing,Place,CivicStructure,"
118,Landform,"Thing,Place,"
119,BodyOfWater,"Thing,Place,Landform,"
120,LocalBusiness,"Thing,Place,"
121,Residence,"Thing,Place,"
122,Product,"Thing,"
123,Vehicle,"Thing,Product,"
124,LoseAction,"Thing,Action,AchieveAction,"
125,TieAction,"Thing,Action,AchieveAction,"
126,WinAction,"Thing,Action,AchieveAction,"
127,VoteAction,"Thing,Action,AssessAction,ChooseAction,"
128,IgnoreAction,"Thing,Action,AssessAction,"
129,AgreeAction,"Thing,Action,AssessAction,ReactAction,"
130,DisagreeAction,"Thing,Action,AssessAction,ReactAction,"
131,DislikeAction,"Thing,Action,AssessAction,ReactAction,"
132,EndorseAction,"Thing,Action,AssessAction,ReactAction,"
133,LikeAction,"Thing,Action,AssessAction,ReactAction,"
134,WantAction,"Thing,Action,AssessAction,ReactAction,"
135,ReviewAction,"Thing,Action,AssessAction,"
136,DrinkAction,"Thing,Action,ConsumeAction,"
137,EatAction,"Thing,Action,ConsumeAction,"
138,InstallAction,"Thing,Action,ConsumeAction,"
139,ListenAction,"Thing,Action,ConsumeAction,"
140,ReadAction,"Thing,Action,ConsumeAction,"
141,WearAction,"Thing,Action,ConsumeAction,UseAction,"
142,ViewAction,"Thing,Action,ConsumeAction,"
143,WatchAction,"Thing,Action,ConsumeAction,"
144,ActivateAction,"Thing,Action,ControlAction,"
145,DeactivateAction,"Thing,Action,ControlAction,"
146,ResumeAction,"Thing,Action,ControlAction,"
147,SuspendAction,"Thing,Action,ControlAction,"
148,CookAction,"Thing,Action,CreateAction,"
149,DrawAction,"Thing,Action,CreateAction,"
150,FilmAction,"Thing,Action,CreateAction,"
151,PaintAction,"Thing,Action,CreateAction,"
152,PhotographAction,"Thing,Action,CreateAction,"
153,WriteAction,"Thing,Action,CreateAction,"
154,CheckAction,"Thing,Action,FindAction,"
155,DiscoverAction,"Thing,Action,FindAction,"
156,TrackAction,"Thing,Action,FindAction,"
157,BefriendAction,"Thing,Action,InteractAction,"
158,AskAction,"Thing,Action,InteractAction,CommunicateAction,"
159,CheckInAction,"Thing,Action,InteractAction,CommunicateAction,"
160,CheckOutAction,"Thing,Action,InteractAction,CommunicateAction,"
161,CommentAction,"Thing,Action,InteractAction,CommunicateAction,"
162,ConfirmAction,"Thing,Action,InteractAction,CommunicateAction,InformAction,"
163,RsvpAction,"Thing,Action,InteractAction,CommunicateAction,InformAction,"
164,InviteAction,"Thing,Action,InteractAction,CommunicateAction,"
165,ReplyAction,"Thing,Action,InteractAction,CommunicateAction,"
166,ShareAction,"Thing,Action,InteractAction,CommunicateAction,"
167,FollowAction,"Thing,Action,InteractAction,"
168,JoinAction,"Thing,Action,InteractAction,"
169,LeaveAction,"Thing,Action,InteractAction,"
170,MarryAction,"Thing,Action,InteractAction,"
171,RegisterAction,"Thing,Action,InteractAction,"
172,SubscribeAction,"Thing,Action,InteractAction,"
173,UnRegisterAction,"Thing,Action,InteractAction,"
174,ArriveAction,"Thing,Action,MoveAction,"
175,DepartAction,"Thing,Action,MoveAction,"
176,TravelAction,"Thing,Action,MoveAction,"
177,AcceptAction,"Thing,Action,OrganizeAction,AllocateAction,"
178,AssignAction,"Thing,Action,OrganizeAction,AllocateAction,"
179,AuthorizeAction,"Thing,Action,OrganizeAction,AllocateAction,"
180,RejectAction,"Thing,Action,OrganizeAction,AllocateAction,"
181,ApplyAction,"Thing,Action,OrganizeAction,"
182,BookmarkAction,"Thing,Action,OrganizeAction,"
183,CancelAction,"Thing,Action,OrganizeAction,PlanAction,"
184,ReserveAction,"Thing,Action,OrganizeAction,PlanAction,"
185,ScheduleAction,"Thing,Action,OrganizeAction,PlanAction,"
186,ExerciseAction,"Thing,Action,PlayAction,"
187,PerformAction,"Thing,Action,PlayAction,"
188,SearchAction,"Thing,Action,"
189,BuyAction,"Thing,Action,TradeAction,"
190,DonateAction,"Thing,Action,TradeAction,"
191,OrderAction,"Thing,Action,TradeAction,"
192,PayAction,"Thing,Action,TradeAction,"
193,QuoteAction,"Thing,Action,TradeAction,"
194,RentAction,"Thing,Action,TradeAction,"
195,SellAction,"Thing,Action,TradeAction,"
196,TipAction,"Thing,Action,TradeAction,"
197,BorrowAction,"Thing,Action,TransferAction,"
198,DownloadAction,"Thing,Action,TransferAction,"
199,GiveAction,"Thing,Action,TransferAction,"
200,LendAction,"Thing,Action,TransferAction,"
201,ReceiveAction,"Thing,Action,TransferAction,"
202,ReturnAction,"Thing,Action,TransferAction,"
203,SendAction,"Thing,Action,TransferAction,"
204,TakeAction,"Thing,Action,TransferAction,"
205,AppendAction,"Thing,Action,UpdateAction,AddAction,InsertAction,"
206,PrependAction,"Thing,Action,UpdateAction,AddAction,InsertAction,"
207,DeleteAction,"Thing,Action,UpdateAction,"
208,ReplaceAction,"Thing,Action,UpdateAction,"
209,Report,"Thing,CreativeWork,Article,"
210,LiveBlogPosting,"Thing,CreativeWork,Article,SocialMediaPosting,BlogPosting,"
211,DiscussionForumPosting,"Thing,CreativeWork,Article,SocialMediaPosting,"
212,APIReference,"Thing,CreativeWork,Article,TechArticle,"
213,Blog,"Thing,CreativeWork,"
214,MovieClip,"Thing,CreativeWork,Clip,"
215,RadioClip,"Thing,CreativeWork,Clip,"
216,TVClip,"Thing,CreativeWork,Clip,"
217,VideoGameClip,"Thing,CreativeWork,Clip,"
218,Answer,"Thing,CreativeWork,Comment,"
219,Conversation,"Thing,CreativeWork,"
220,Course,"Thing,CreativeWork,"
221,RadioSeason,"Thing,CreativeWork,CreativeWorkSeason,"
222,TVSeason,"Thing,CreativeWork,CreativeWorkSeason,"
223,BookSeries,"Thing,CreativeWork,CreativeWorkSeries,"
224,MovieSeries,"Thing,CreativeWork,CreativeWorkSeries,"
225,RadioSeries,"Thing,CreativeWork,CreativeWorkSeries,"
226,TVSeries,"Thing,CreativeWork,CreativeWorkSeries,"
227,VideoGameSeries,"Thing,CreativeWork,CreativeWorkSeries,"
228,DataCatalog,"Thing,CreativeWork,"
229,NoteDigitalDocument,"Thing,CreativeWork,DigitalDocument,"
230,PresentationDigitalDocument,"Thing,CreativeWork,DigitalDocument,"
231,SpreadsheetDigitalDocument,"Thing,CreativeWork,DigitalDocument,"
232,TextDigitalDocument,"Thing,CreativeWork,DigitalDocument,"
233,RadioEpisode,"Thing,CreativeWork,Episode,"
234,TVEpisode,"Thing,CreativeWork,Episode,"
235,VideoGame,"Thing,CreativeWork,Game,"
236,Recipe,"Thing,CreativeWork,HowTo,"
237,HowToDirection,"Thing,CreativeWork,"
238,HowToSection,"Thing,CreativeWork,"
239,HowToStep,"Thing,CreativeWork,"
240,HowToTip,"Thing,CreativeWork,"
241,Map,"Thing,CreativeWork,"
242,DataDownload,"Thing,CreativeWork,MediaObject,"
243,Barcode,"Thing,CreativeWork,MediaObject,ImageObject,"
244,MusicVideoObject,"Thing,CreativeWork,MediaObject,"
245,VideoObject,"Thing,CreativeWork,MediaObject,"
246,Menu,"Thing,CreativeWork,"
247,MenuSection,"Thing,CreativeWork,"
248,EmailMessage,"Thing,CreativeWork,Message,"
249,Movie,"Thing,CreativeWork,"
250,MusicComposition,"Thing,CreativeWork,"
251,MusicAlbum,"Thing,CreativeWork,MusicPlaylist,"
252,MusicRelease,"Thing,CreativeWork,MusicPlaylist,"
253,MusicRecording,"Thing,CreativeWork,"
254,Painting,"Thing,CreativeWork,"
255,Photograph,"Thing,CreativeWork,"
256,PublicationVolume,"Thing,CreativeWork,"
257,Question,"Thing,CreativeWork,"
258,ClaimReview,"Thing,CreativeWork,Review,"
259,Sculpture,"Thing,CreativeWork,"
260,Series,"Thing,CreativeWork,"
261,MobileApplication,"Thing,CreativeWork,SoftwareApplication,"
262,VideoGame,"Thing,CreativeWork,SoftwareApplication,"
263,WebApplication,"Thing,CreativeWork,SoftwareApplication,"
264,SoftwareSourceCode,"Thing,CreativeWork,"
265,TVSeason,"Thing,CreativeWork,"
266,TVSeries,"Thing,CreativeWork,"
267,AboutPage,"Thing,CreativeWork,WebPage,"
268,CheckoutPage,"Thing,CreativeWork,WebPage,"
269,ImageGallery,"Thing,CreativeWork,WebPage,CollectionPage,"
270,VideoGallery,"Thing,CreativeWork,WebPage,CollectionPage,"
271,ContactPage,"Thing,CreativeWork,WebPage,"
272,ItemPage,"Thing,CreativeWork,WebPage,"
273,ProfilePage,"Thing,CreativeWork,WebPage,"
274,QAPage,"Thing,CreativeWork,WebPage,"
275,SearchResultsPage,"Thing,CreativeWork,WebPage,"
276,SiteNavigationElement,"Thing,CreativeWork,WebPageElement,"
277,Table,"Thing,CreativeWork,WebPageElement,"
278,WPAdBlock,"Thing,CreativeWork,WebPageElement,"
279,WPFooter,"Thing,CreativeWork,WebPageElement,"
280,WPHeader,"Thing,CreativeWork,WebPageElement,"
281,WPSideBar,"Thing,CreativeWork,WebPageElement,"
282,WebSite,"Thing,CreativeWork,"
283,BusinessEvent,"Thing,Event,"
284,ChildrensEvent,"Thing,Event,"
285,ComedyEvent,"Thing,Event,"
286,CourseInstance,"Thing,Event,"
287,DanceEvent,"Thing,Event,"
288,DeliveryEvent,"Thing,Event,"
289,EducationEvent,"Thing,Event,"
290,ExhibitionEvent,"Thing,Event,"
291,Festival,"Thing,Event,"
292,FoodEvent,"Thing,Event,"
293,LiteraryEvent,"Thing,Event,"
294,MusicEvent,"Thing,Event,"
295,BroadcastEvent,"Thing,Event,PublicationEvent,"
296,OnDemandEvent,"Thing,Event,PublicationEvent,"
297,SaleEvent,"Thing,Event,"
298,ScreeningEvent,"Thing,Event,"
299,SocialEvent,"Thing,Event,"
300,SportsEvent,"Thing,Event,"
301,TheaterEvent,"Thing,Event,"
302,VisualArtsEvent,"Thing,Event,"
303,AlignmentObject,"Thing,Intangible,"
304,BusinessAudience,"Thing,Intangible,Audience,"
305,EducationalAudience,"Thing,Intangible,Audience,"
306,ParentAudience,"Thing,Intangible,Audience,PeopleAudience,"
307,BedDetails,"Thing,Intangible,"
308,Brand,"Thing,Intangible,"
309,TelevisionChannel,"Thing,Intangible,BroadcastChannel,"
310,BusTrip,"Thing,Intangible,"
311,ComputerLanguage,"Thing,Intangible,"
312,DataFeedItem,"Thing,Intangible,"
313,Demand,"Thing,Intangible,"
314,DigitalDocumentPermission,"Thing,Intangible,"
315,EntryPoint,"Thing,Intangible,"
316,ActionStatusType,"Thing,Intangible,Enumeration,"
317,BoardingPolicyType,"Thing,Intangible,Enumeration,"
318,BookFormatType,"Thing,Intangible,Enumeration,"
319,BusinessEntityType,"Thing,Intangible,Enumeration,"
320,BusinessFunction,"Thing,Intangible,Enumeration,"
321,ContactPointOption,"Thing,Intangible,Enumeration,"
322,DayOfWeek,"Thing,Intangible,Enumeration,"
323,LockerDelivery,"Thing,Intangible,Enumeration,DeliveryMethod,"
324,ParcelService,"Thing,Intangible,Enumeration,DeliveryMethod,"
325,DigitalDocumentPermissionType,"Thing,Intangible,Enumeration,"
326,EventStatusType,"Thing,Intangible,Enumeration,"
327,GamePlayMode,"Thing,Intangible,Enumeration,"
328,GameServerStatus,"Thing,Intangible,Enumeration,"
329,GenderType,"Thing,Intangible,Enumeration,"
330,ItemAvailability,"Thing,Intangible,Enumeration,"
331,ItemListOrderType,"Thing,Intangible,Enumeration,"
332,MapCategoryType,"Thing,Intangible,Enumeration,"
333,MusicAlbumProductionType,"Thing,Intangible,Enumeration,"
334,MusicAlbumReleaseType,"Thing,Intangible,Enumeration,"
335,MusicReleaseFormatType,"Thing,Intangible,Enumeration,"
336,OfferItemCondition,"Thing,Intangible,Enumeration,"
337,OrderStatus,"Thing,Intangible,Enumeration,"
338,CreditCard,"Thing,Intangible,Enumeration,PaymentMethod,PaymentCard,"
339,PaymentStatusType,"Thing,Intangible,Enumeration,"
340,DriveWheelConfigurationValue,"Thing,Intangible,Enumeration,QualitativeValue,"
341,SteeringPositionValue,"Thing,Intangible,Enumeration,QualitativeValue,"
342,ReservationStatusType,"Thing,Intangible,Enumeration,"
343,RestrictedDiet,"Thing,Intangible,Enumeration,"
344,RsvpResponseType,"Thing,Intangible,Enumeration,"
345,WarrantyScope,"Thing,Intangible,Enumeration,"
346,Flight,"Thing,Intangible,"
347,GameServer,"Thing,Intangible,"
348,Invoice,"Thing,Intangible,"
349,BreadcrumbList,"Thing,Intangible,ItemList,"
350,HowToSection,"Thing,Intangible,ItemList,"
351,HowToStep,"Thing,Intangible,ItemList,"
352,OfferCatalog,"Thing,Intangible,ItemList,"
353,JobPosting,"Thing,Intangible,"
354,Language,"Thing,Intangible,"
355,HowToDirection,"Thing,Intangible,ListItem,"
356,HowToSupply,"Thing,Intangible,ListItem,HowToItem,"
357,HowToTool,"Thing,Intangible,ListItem,HowToItem,"
358,HowToStep,"Thing,Intangible,ListItem,"
359,HowToTip,"Thing,Intangible,ListItem,"
360,MenuItem,"Thing,Intangible,"
361,AggregateOffer,"Thing,Intangible,Offer,"
362,Order,"Thing,Intangible,"
363,OrderItem,"Thing,Intangible,"
364,ParcelDelivery,"Thing,Intangible,"
365,GovernmentPermit,"Thing,Intangible,Permit,"
366,ProgramMembership,"Thing,Intangible,"
367,PropertyValueSpecification,"Thing,Intangible,"
368,Distance,"Thing,Intangible,Quantity,"
369,Duration,"Thing,Intangible,Quantity,"
370,Energy,"Thing,Intangible,Quantity,"
371,Mass,"Thing,Intangible,Quantity,"
372,BusReservation,"Thing,Intangible,Reservation,"
373,EventReservation,"Thing,Intangible,Reservation,"
374,FlightReservation,"Thing,Intangible,Reservation,"
375,FoodEstablishmentReservation,"Thing,Intangible,Reservation,"
376,LodgingReservation,"Thing,Intangible,Reservation,"
377,RentalCarReservation,"Thing,Intangible,Reservation,"
378,ReservationPackage,"Thing,Intangible,Reservation,"
379,TaxiReservation,"Thing,Intangible,Reservation,"
380,TrainReservation,"Thing,Intangible,Reservation,"
381,EmployeeRole,"Thing,Intangible,Role,OrganizationRole,"
382,PerformanceRole,"Thing,Intangible,Role,"
383,Seat,"Thing,Intangible,"
384,BroadcastService,"Thing,Intangible,Service,"
385,CableOrSatelliteService,"Thing,Intangible,Service,"
386,DepositAccount,"Thing,Intangible,Service,FinancialProduct,BankAccount,"
387,CurrencyConversionService,"Thing,Intangible,Service,FinancialProduct,"
388,DepositAccount,"Thing,Intangible,Service,FinancialProduct,InvestmentOrDeposit,"
389,CreditCard,"Thing,Intangible,Service,FinancialProduct,LoanOrCredit,"
390,PaymentService,"Thing,Intangible,Service,FinancialProduct,"
391,FoodService,"Thing,Intangible,Service,"
392,GovernmentService,"Thing,Intangible,Service,"
393,TaxiService,"Thing,Intangible,Service,"
394,ServiceChannel,"Thing,Intangible,"
395,PostalAddress,"Thing,Intangible,StructuredValue,ContactPoint,"
396,EngineSpecification,"Thing,Intangible,StructuredValue,"
397,GeoCoordinates,"Thing,Intangible,StructuredValue,"
398,GeoCircle,"Thing,Intangible,StructuredValue,GeoShape,"
399,InteractionCounter,"Thing,Intangible,StructuredValue,"
400,MonetaryAmount,"Thing,Intangible,StructuredValue,"
401,NutritionInformation,"Thing,Intangible,StructuredValue,"
402,OpeningHoursSpecification,"Thing,Intangible,StructuredValue,"
403,OwnershipInfo,"Thing,Intangible,StructuredValue,"
404,CompoundPriceSpecification,"Thing,Intangible,StructuredValue,PriceSpecification,"
405,DeliveryChargeSpecification,"Thing,Intangible,StructuredValue,PriceSpecification,"
406,PaymentChargeSpecification,"Thing,Intangible,StructuredValue,PriceSpecification,"
407,UnitPriceSpecification,"Thing,Intangible,StructuredValue,PriceSpecification,"
408,LocationFeatureSpecification,"Thing,Intangible,StructuredValue,PropertyValue,"
409,TypeAndQuantityNode,"Thing,Intangible,StructuredValue,"
410,WarrantyPromise,"Thing,Intangible,StructuredValue,"
411,Ticket,"Thing,Intangible,"
412,TrainTrip,"Thing,Intangible,"
413,Airline,"Thing,Organization,"
414,Corporation,"Thing,Organization,"
415,CollegeOrUniversity,"Thing,Organization,EducationalOrganization,"
416,ElementarySchool,"Thing,Organization,EducationalOrganization,"
417,HighSchool,"Thing,Organization,EducationalOrganization,"
418,MiddleSchool,"Thing,Organization,EducationalOrganization,"
419,Preschool,"Thing,Organization,EducationalOrganization,"
420,School,"Thing,Organization,EducationalOrganization,"
421,GovernmentOrganization,"Thing,Organization,"
422,AnimalShelter,"Thing,Organization,LocalBusiness,"
423,AutoBodyShop,"Thing,Organization,LocalBusiness,AutomotiveBusiness,"
424,AutoDealer,"Thing,Organization,LocalBusiness,AutomotiveBusiness,"
425,AutoPartsStore,"Thing,Organization,LocalBusiness,AutomotiveBusiness,"
426,AutoRental,"Thing,Organization,LocalBusiness,AutomotiveBusiness,"
427,AutoRepair,"Thing,Organization,LocalBusiness,AutomotiveBusiness,"
428,AutoWash,"Thing,Organization,LocalBusiness,AutomotiveBusiness,"
429,GasStation,"Thing,Organization,LocalBusiness,AutomotiveBusiness,"
430,MotorcycleDealer,"Thing,Organization,LocalBusiness,AutomotiveBusiness,"
431,MotorcycleRepair,"Thing,Organization,LocalBusiness,AutomotiveBusiness,"
432,ChildCare,"Thing,Organization,LocalBusiness,"
433,Dentist,"Thing,Organization,LocalBusiness,"
434,DryCleaningOrLaundry,"Thing,Organization,LocalBusiness,"
435,FireStation,"Thing,Organization,LocalBusiness,EmergencyService,"
436,Hospital,"Thing,Organization,LocalBusiness,EmergencyService,"
437,PoliceStation,"Thing,Organization,LocalBusiness,EmergencyService,"
438,EmploymentAgency,"Thing,Organization,LocalBusiness,"
439,AdultEntertainment,"Thing,Organization,LocalBusiness,EntertainmentBusiness,"
440,AmusementPark,"Thing,Organization,LocalBusiness,EntertainmentBusiness,"
441,ArtGallery,"Thing,Organization,LocalBusiness,EntertainmentBusiness,"
442,Casino,"Thing,Organization,LocalBusiness,EntertainmentBusiness,"
443,ComedyClub,"Thing,Organization,LocalBusiness,EntertainmentBusiness,"
444,MovieTheater,"Thing,Organization,LocalBusiness,EntertainmentBusiness,"
445,NightClub,"Thing,Organization,LocalBusiness,EntertainmentBusiness,"
446,AccountingService,"Thing,Organization,LocalBusiness,FinancialService,"
447,AutomatedTeller,"Thing,Organization,LocalBusiness,FinancialService,"
448,BankOrCreditUnion,"Thing,Organization,LocalBusiness,FinancialService,"
449,InsuranceAgency,"Thing,Organization,LocalBusiness,FinancialService,"
450,Bakery,"Thing,Organization,LocalBusiness,FoodEstablishment,"
451,BarOrPub,"Thing,Organization,LocalBusiness,FoodEstablishment,"
452,Brewery,"Thing,Organization,LocalBusiness,FoodEstablishment,"
453,CafeOrCoffeeShop,"Thing,Organization,LocalBusiness,FoodEstablishment,"
454,FastFoodRestaurant,"Thing,Organization,LocalBusiness,FoodEstablishment,"
455,IceCreamShop,"Thing,Organization,LocalBusiness,FoodEstablishment,"
456,Restaurant,"Thing,Organization,LocalBusiness,FoodEstablishment,"
457,Winery,"Thing,Organization,LocalBusiness,FoodEstablishment,"
458,PostOffice,"Thing,Organization,LocalBusiness,GovernmentOffice,"
459,BeautySalon,"Thing,Organization,LocalBusiness,HealthAndBeautyBusiness,"
460,DaySpa,"Thing,Organization,LocalBusiness,HealthAndBeautyBusiness,"
461,HairSalon,"Thing,Organization,LocalBusiness,HealthAndBeautyBusiness,"
462,HealthClub,"Thing,Organization,LocalBusiness,HealthAndBeautyBusiness,"
463,NailSalon,"Thing,Organization,LocalBusiness,HealthAndBeautyBusiness,"
464,TattooParlor,"Thing,Organization,LocalBusiness,HealthAndBeautyBusiness,"
465,Electrician,"Thing,Organization,LocalBusiness,HomeAndConstructionBusiness,"
466,GeneralContractor,"Thing,Organization,LocalBusiness,HomeAndConstructionBusiness,"
467,HVACBusiness,"Thing,Organization,LocalBusiness,HomeAndConstructionBusiness,"
468,HousePainter,"Thing,Organization,LocalBusiness,HomeAndConstructionBusiness,"
469,Locksmith,"Thing,Organization,LocalBusiness,HomeAndConstructionBusiness,"
470,MovingCompany,"Thing,Organization,LocalBusiness,HomeAndConstructionBusiness,"
471,Plumber,"Thing,Organization,LocalBusiness,HomeAndConstructionBusiness,"
472,RoofingContractor,"Thing,Organization,LocalBusiness,HomeAndConstructionBusiness,"
473,InternetCafe,"Thing,Organization,LocalBusiness,"
474,Attorney,"Thing,Organization,LocalBusiness,LegalService,"
475,Notary,"Thing,Organization,LocalBusiness,LegalService,"
476,Library,"Thing,Organization,LocalBusiness,"
477,BedAndBreakfast,"Thing,Organization,LocalBusiness,LodgingBusiness,"
478,Campground,"Thing,Organization,LocalBusiness,LodgingBusiness,"
479,Hostel,"Thing,Organization,LocalBusiness,LodgingBusiness,"
480,Hotel,"Thing,Organization,LocalBusiness,LodgingBusiness,"
481,Motel,"Thing,Organization,LocalBusiness,LodgingBusiness,"
482,Resort,"Thing,Organization,LocalBusiness,LodgingBusiness,"
483,ProfessionalService,"Thing,Organization,LocalBusiness,"
484,RadioStation,"Thing,Organization,LocalBusiness,"
485,RealEstateAgent,"Thing,Organization,LocalBusiness,"
486,RecyclingCenter,"Thing,Organization,LocalBusiness,"
487,SelfStorage,"Thing,Organization,LocalBusiness,"
488,ShoppingCenter,"Thing,Organization,LocalBusiness,"
489,BowlingAlley,"Thing,Organization,LocalBusiness,SportsActivityLocation,"
490,ExerciseGym,"Thing,Organization,LocalBusiness,SportsActivityLocation,"
491,GolfCourse,"Thing,Organization,LocalBusiness,SportsActivityLocation,"
492,HealthClub,"Thing,Organization,LocalBusiness,SportsActivityLocation,"
493,PublicSwimmingPool,"Thing,Organization,LocalBusiness,SportsActivityLocation,"
494,SkiResort,"Thing,Organization,LocalBusiness,SportsActivityLocation,"
495,SportsClub,"Thing,Organization,LocalBusiness,SportsActivityLocation,"
496,StadiumOrArena,"Thing,Organization,LocalBusiness,SportsActivityLocation,"
497,TennisComplex,"Thing,Organization,LocalBusiness,SportsActivityLocation,"
498,AutoPartsStore,"Thing,Organization,LocalBusiness,Store,"
499,BikeStore,"Thing,Organization,LocalBusiness,Store,"
500,BookStore,"Thing,Organization,LocalBusiness,Store,"
501,ClothingStore,"Thing,Organization,LocalBusiness,Store,"
502,ComputerStore,"Thing,Organization,LocalBusiness,Store,"
503,ConvenienceStore,"Thing,Organization,LocalBusiness,Store,"
504,DepartmentStore,"Thing,Organization,LocalBusiness,Store,"
505,ElectronicsStore,"Thing,Organization,LocalBusiness,Store,"
506,Florist,"Thing,Organization,LocalBusiness,Store,"
507,FurnitureStore,"Thing,Organization,LocalBusiness,Store,"
508,GardenStore,"Thing,Organization,LocalBusiness,Store,"
509,GroceryStore,"Thing,Organization,LocalBusiness,Store,"
510,HardwareStore,"Thing,Organization,LocalBusiness,Store,"
511,HobbyShop,"Thing,Organization,LocalBusiness,Store,"
512,HomeGoodsStore,"Thing,Organization,LocalBusiness,Store,"
513,JewelryStore,"Thing,Organization,LocalBusiness,Store,"
514,LiquorStore,"Thing,Organization,LocalBusiness,Store,"
515,MensClothingStore,"Thing,Organization,LocalBusiness,Store,"
516,MobilePhoneStore,"Thing,Organization,LocalBusiness,Store,"
517,MovieRentalStore,"Thing,Organization,LocalBusiness,Store,"
518,MusicStore,"Thing,Organization,LocalBusiness,Store,"
519,OfficeEquipmentStore,"Thing,Organization,LocalBusiness,Store,"
520,OutletStore,"Thing,Organization,LocalBusiness,Store,"
521,PawnShop,"Thing,Organization,LocalBusiness,Store,"
522,PetStore,"Thing,Organization,LocalBusiness,Store,"
523,ShoeStore,"Thing,Organization,LocalBusiness,Store,"
524,SportingGoodsStore,"Thing,Organization,LocalBusiness,Store,"
525,TireShop,"Thing,Organization,LocalBusiness,Store,"
526,ToyStore,"Thing,Organization,LocalBusiness,Store,"
527,WholesaleStore,"Thing,Organization,LocalBusiness,Store,"
528,TelevisionStation,"Thing,Organization,LocalBusiness,"
529,TouristInformationCenter,"Thing,Organization,LocalBusiness,"
530,TravelAgency,"Thing,Organization,LocalBusiness,"
531,Dentist,"Thing,Organization,MedicalOrganization,"
532,Hospital,"Thing,Organization,MedicalOrganization,"
533,Pharmacy,"Thing,Organization,MedicalOrganization,"
534,Physician,"Thing,Organization,MedicalOrganization,"
535,NGO,"Thing,Organization,"
536,DanceGroup,"Thing,Organization,PerformingGroup,"
537,MusicGroup,"Thing,Organization,PerformingGroup,"
538,TheaterGroup,"Thing,Organization,PerformingGroup,"
539,SportsTeam,"Thing,Organization,SportsOrganization,"
540,Apartment,"Thing,Place,Accommodation,"
541,CampingPitch,"Thing,Place,Accommodation,"
542,SingleFamilyResidence,"Thing,Place,Accommodation,House,"
543,HotelRoom,"Thing,Place,Accommodation,Room,"
544,MeetingRoom,"Thing,Place,Accommodation,Room,"
545,Suite,"Thing,Place,Accommodation,"
546,City,"Thing,Place,AdministrativeArea,"
547,Country,"Thing,Place,AdministrativeArea,"
548,State,"Thing,Place,AdministrativeArea,"
549,Airport,"Thing,Place,CivicStructure,"
550,Aquarium,"Thing,Place,CivicStructure,"
551,Beach,"Thing,Place,CivicStructure,"
552,Bridge,"Thing,Place,CivicStructure,"
553,BusStation,"Thing,Place,CivicStructure,"
554,BusStop,"Thing,Place,CivicStructure,"
555,Campground,"Thing,Place,CivicStructure,"
556,Cemetery,"Thing,Place,CivicStructure,"
557,Crematorium,"Thing,Place,CivicStructure,"
558,EventVenue,"Thing,Place,CivicStructure,"
559,FireStation,"Thing,Place,CivicStructure,"
560,CityHall,"Thing,Place,CivicStructure,GovernmentBuilding,"
561,Courthouse,"Thing,Place,CivicStructure,GovernmentBuilding,"
562,DefenceEstablishment,"Thing,Place,CivicStructure,GovernmentBuilding,"
563,Embassy,"Thing,Place,CivicStructure,GovernmentBuilding,"
564,LegislativeBuilding,"Thing,Place,CivicStructure,GovernmentBuilding,"
565,Hospital,"Thing,Place,CivicStructure,"
566,MovieTheater,"Thing,Place,CivicStructure,"
567,Museum,"Thing,Place,CivicStructure,"
568,MusicVenue,"Thing,Place,CivicStructure,"
569,Park,"Thing,Place,CivicStructure,"
570,ParkingFacility,"Thing,Place,CivicStructure,"
571,PerformingArtsTheater,"Thing,Place,CivicStructure,"
572,BuddhistTemple,"Thing,Place,CivicStructure,PlaceOfWorship,"
573,CatholicChurch,"Thing,Place,CivicStructure,PlaceOfWorship,"
574,Church,"Thing,Place,CivicStructure,PlaceOfWorship,"
575,HinduTemple,"Thing,Place,CivicStructure,PlaceOfWorship,"
576,Mosque,"Thing,Place,CivicStructure,PlaceOfWorship,"
577,Synagogue,"Thing,Place,CivicStructure,PlaceOfWorship,"
578,Playground,"Thing,Place,CivicStructure,"
579,PoliceStation,"Thing,Place,CivicStructure,"
580,RVPark,"Thing,Place,CivicStructure,"
581,StadiumOrArena,"Thing,Place,CivicStructure,"
582,SubwayStation,"Thing,Place,CivicStructure,"
583,TaxiStand,"Thing,Place,CivicStructure,"
584,TrainStation,"Thing,Place,CivicStructure,"
585,Zoo,"Thing,Place,CivicStructure,"
586,Canal,"Thing,Place,Landform,BodyOfWater,"
587,LakeBodyOfWater,"Thing,Place,Landform,BodyOfWater,"
588,OceanBodyOfWater,"Thing,Place,Landform,BodyOfWater,"
589,Pond,"Thing,Place,Landform,BodyOfWater,"
590,Reservoir,"Thing,Place,Landform,BodyOfWater,"
591,RiverBodyOfWater,"Thing,Place,Landform,BodyOfWater,"
592,SeaBodyOfWater,"Thing,Place,Landform,BodyOfWater,"
593,Waterfall,"Thing,Place,Landform,BodyOfWater,"
594,Continent,"Thing,Place,Landform,"
595,Mountain,"Thing,Place,Landform,"
596,Volcano,"Thing,Place,Landform,"
597,LandmarksOrHistoricalBuildings,"Thing,Place,"
598,ApartmentComplex,"Thing,Place,Residence,"
599,GatedResidenceCommunity,"Thing,Place,Residence,"
600,TouristAttraction,"Thing,Place,"
601,IndividualProduct,"Thing,Product,"
602,ProductModel,"Thing,Product,"
603,SomeProducts,"Thing,Product,"
604,Car,"Thing,Product,Vehicle,"
